{
  "total": 25000,
  "status_counts": {
    "valid": 22473,
    "saturated": 723,
    "invalid": 525,
    "noise": 1279
  },
  "sensor_counts": {
    "21": 476,
    "10": 530,
    "14": 521,
    "24": 489,
    "12": 540,
    "40": 516,
    "26": 507,
    "31": 498,
    "7": 450,
    "18": 484,
    "8": 450,
    "19": 454,
    "32": 514,
    "48": 508,
    "29": 477,
    "9": 518,
    "42": 503,
    "44": 534,
    "17": 477,
    "25": 463,
    "50": 527,
    "2": 473,
    "13": 458,
    "1": 531,
    "11": 530,
    "23": 464,
    "33": 501,
    "36": 500,
    "47": 506,
    "41": 514,
    "30": 523,
    "5": 486,
    "39": 529,
    "28": 504,
    "46": 479,
    "35": 520,
    "4": 509,
    "3": 516,
    "43": 496,
    "37": 547,
    "49": 492,
    "45": 484,
    "16": 482,
    "15": 515,
    "38": 476,
    "20": 522,
    "27": 510,
    "22": 479,
    "34": 529,
    "6": 489
  },
  "energy_sum": 3122894.244247271,
  "high_energy_events": 3750,
  "avg_energy": 124.91576976989084,
  "worker_id": 2,
  "processing_time": 0.2511024475097656
}