{
  "total": 100000,
  "status_counts": {
    "valid": 89991,
    "invalid": 2023,
    "saturated": 2971,
    "noise": 5015
  },
  "sensor_counts": {
    "49": 2027,
    "29": 1960,
    "11": 2005,
    "10": 2049,
    "18": 2033,
    "47": 2007,
    "39": 2055,
    "50": 1978,
    "4": 2019,
    "15": 1966,
    "9": 2054,
    "16": 2016,
    "31": 1964,
    "26": 2057,
    "14": 2019,
    "38": 1929,
    "27": 2102,
    "36": 2011,
    "40": 1951,
    "44": 2044,
    "22": 2000,
    "7": 1933,
    "3": 1991,
    "43": 2034,
    "34": 2088,
    "37": 2041,
    "20": 2041,
    "32": 2037,
    "30": 2047,
    "23": 1963,
    "45": 1960,
    "8": 1944,
    "41": 2056,
    "13": 1905,
    "19": 1984,
    "28": 1905,
    "1": 2104,
    "24": 1988,
    "17": 1988,
    "25": 1935,
    "2": 1987,
    "12": 2013,
    "6": 1925,
    "5": 1966,
    "21": 1995,
    "48": 1958,
    "33": 2039,
    "46": 1972,
    "35": 2005,
    "42": 1950
  },
  "energy_sum": 12605216.753477119,
  "high_energy_events": 15059,
  "chunks_processed": 8,
  "total_processing_time": 2.1040449142456055,
  "avg_energy": 126.05216753477119
}