{
  "total": 25000,
  "status_counts": {
    "valid": 22507,
    "invalid": 495,
    "noise": 1221,
    "saturated": 777
  },
  "sensor_counts": {
    "18": 500,
    "46": 499,
    "16": 488,
    "30": 505,
    "12": 495,
    "47": 507,
    "6": 480,
    "50": 496,
    "9": 509,
    "41": 545,
    "45": 509,
    "5": 508,
    "29": 512,
    "15": 486,
    "19": 523,
    "35": 517,
    "11": 506,
    "42": 478,
    "39": 505,
    "37": 476,
    "1": 501,
    "27": 508,
    "24": 506,
    "43": 480,
    "38": 485,
    "7": 496,
    "22": 515,
    "20": 513,
    "8": 501,
    "49": 516,
    "3": 509,
    "14": 466,
    "10": 499,
    "31": 469,
    "4": 500,
    "13": 482,
    "26": 529,
    "25": 502,
    "48": 489,
    "2": 498,
    "44": 496,
    "33": 496,
    "34": 514,
    "36": 503,
    "17": 485,
    "32": 505,
    "23": 510,
    "21": 527,
    "28": 459,
    "40": 497
  },
  "energy_sum": 3172033.0454308377,
  "high_energy_events": 3779,
  "avg_energy": 126.88132181723351,
  "worker_id": 3,
  "processing_time": 0.3236351013183594
}