{
  "total": 25000,
  "status_counts": {
    "valid": 22576,
    "noise": 1225,
    "saturated": 714,
    "invalid": 485
  },
  "sensor_counts": {
    "35": 480,
    "19": 488,
    "26": 499,
    "46": 494,
    "23": 498,
    "36": 517,
    "39": 498,
    "4": 515,
    "43": 524,
    "21": 500,
    "6": 488,
    "49": 498,
    "2": 485,
    "40": 493,
    "8": 492,
    "37": 533,
    "32": 520,
    "31": 491,
    "34": 513,
    "27": 533,
    "18": 543,
    "14": 532,
    "30": 508,
    "7": 478,
    "20": 484,
    "48": 477,
    "45": 491,
    "10": 504,
    "1": 520,
    "9": 505,
    "28": 484,
    "41": 475,
    "47": 503,
    "44": 524,
    "5": 485,
    "16": 571,
    "11": 461,
    "17": 478,
    "3": 474,
    "13": 477,
    "42": 510,
    "15": 456,
    "12": 499,
    "50": 487,
    "29": 479,
    "24": 500,
    "33": 510,
    "22": 537,
    "38": 501,
    "25": 488
  },
  "energy_sum": 3140768.342335801,
  "high_energy_events": 3733,
  "avg_energy": 125.63073369343205,
  "worker_id": 1,
  "processing_time": 0.20625591278076172
}