{
  "total": 25000,
  "status_counts": {
    "valid": 22435,
    "invalid": 518,
    "saturated": 757,
    "noise": 1290
  },
  "sensor_counts": {
    "49": 521,
    "29": 492,
    "11": 508,
    "10": 516,
    "18": 506,
    "47": 491,
    "39": 523,
    "50": 468,
    "4": 495,
    "15": 509,
    "9": 522,
    "16": 475,
    "31": 506,
    "26": 522,
    "14": 500,
    "38": 467,
    "27": 551,
    "36": 491,
    "40": 445,
    "44": 490,
    "22": 469,
    "7": 509,
    "3": 492,
    "43": 534,
    "34": 532,
    "37": 485,
    "20": 522,
    "32": 498,
    "30": 511,
    "23": 491,
    "45": 476,
    "8": 501,
    "41": 522,
    "13": 488,
    "19": 519,
    "28": 458,
    "1": 552,
    "24": 493,
    "17": 548,
    "25": 482,
    "2": 531,
    "12": 479,
    "6": 468,
    "5": 487,
    "21": 492,
    "48": 484,
    "33": 532,
    "46": 500,
    "35": 488,
    "42": 459
  },
  "energy_sum": 3169521.121463214,
  "high_energy_events": 3797,
  "avg_energy": 126.78084485852857,
  "worker_id": 0,
  "processing_time": 0.11295437812805176
}